user_id,name,email,phone,created_at
1,User1,user1596@mail.com,9895305694,26-11-2023 21:58
2,User2,user2337@mail.com,9901073436,19-09-2024 10:16
3,User3,user3433@mail.com,9243186683,12-08-2024 04:31
4,User4,user4235@mail.com,9446045307,15-01-2023 16:05
5,User5,user5269@mail.com,9510101673,03-06-2025 00:26
6,User6,user6487@mail.com,9185815890,13-06-2025 06:43
7,User7,user7355@mail.com,9574866646,05-10-2023 19:21
8,User8,user8947@mail.com,9778481983,15-04-2023 22:32
9,User9,user962@mail.com,9563028092,14-11-2023 14:00
10,User10,user10436@mail.com,9199306806,13-12-2024 18:02
11,User11,user11672@mail.com,9582265539,23-03-2024 15:03
12,User12,user12354@mail.com,9684020113,28-07-2024 16:06
13,User13,user1325@mail.com,9466636515,09-05-2024 12:54
14,User14,user14308@mail.com,9672442009,12-11-2024 14:12
15,User15,user15450@mail.com,9627974990,01-10-2024 17:40
16,User16,user16950@mail.com,9426178062,08-07-2023 06:01
17,User17,user17708@mail.com,9064504910,08-07-2024 14:02
18,User18,user18222@mail.com,9659761977,26-10-2023 02:46
19,User19,user19460@mail.com,9198976815,20-01-2023 04:22
20,User20,user20341@mail.com,9951691945,24-07-2025 22:17
21,User21,user2194@mail.com,9941025922,26-08-2024 09:19
22,User22,user22672@mail.com,9518979303,11-01-2024 04:48
23,User23,user23481@mail.com,9245441209,26-05-2024 09:49
24,User24,user24797@mail.com,9032732879,27-07-2024 17:01
25,User25,user25794@mail.com,9796980606,30-07-2024 19:26
26,User26,user26494@mail.com,9809000198,17-10-2023 11:15
27,User27,user27431@mail.com,9677297623,13-09-2023 04:50
28,User28,user28529@mail.com,9622850177,31-01-2025 00:57
29,User29,user29293@mail.com,9432347773,18-01-2025 02:35
30,User30,user30100@mail.com,9906233752,16-04-2025 23:12
31,User31,user31523@mail.com,9744163811,03-09-2023 22:09
32,User32,user32542@mail.com,9175562561,21-03-2023 09:22
33,User33,user33573@mail.com,9146491144,03-04-2023 12:38
34,User34,user34176@mail.com,9385109029,05-09-2023 11:44
35,User35,user35738@mail.com,9846119398,20-08-2024 09:24
36,User36,user36327@mail.com,9239547619,09-08-2024 16:03
37,User37,user37111@mail.com,9587124510,07-09-2024 18:25
38,User38,user38898@mail.com,9736570730,03-10-2023 00:39
39,User39,user39210@mail.com,9756309395,31-03-2025 21:20
40,User40,user40496@mail.com,9623048634,18-04-2023 10:26
41,User41,user41431@mail.com,9639630033,18-04-2023 10:17
42,User42,user4260@mail.com,9083271591,10-03-2025 13:36
43,User43,user43293@mail.com,9281736966,14-07-2025 06:58
44,User44,user44290@mail.com,9331658403,31-10-2023 18:57
45,User45,user45241@mail.com,9770633237,10-01-2024 16:48
46,User46,user46720@mail.com,9006347483,05-06-2024 05:45
47,User47,user47745@mail.com,9452570104,21-06-2023 02:44
48,User48,user4888@mail.com,9515278948,16-03-2024 22:57
49,User49,user49344@mail.com,9869016780,12-10-2023 20:45
50,User50,user50358@mail.com,9970016798,14-11-2023 12:46
51,User51,user51134@mail.com,9103438688,02-06-2023 06:18
52,User52,user52527@mail.com,9016661755,11-07-2023 02:11
53,User53,user53187@mail.com,9149709760,26-04-2024 21:30
54,User54,user54209@mail.com,9341666451,12-07-2024 16:09
55,User55,user55786@mail.com,9031641200,01-03-2023 06:54
56,User56,user56124@mail.com,9701677986,05-04-2023 22:26
57,User57,user57917@mail.com,9761428731,16-06-2024 01:40
58,User58,user58833@mail.com,9469316476,29-04-2025 23:50
59,User59,user59647@mail.com,9817145514,11-03-2024 15:28
60,User60,user60364@mail.com,9244269912,24-09-2024 01:42
61,User61,user61774@mail.com,9565499827,26-02-2023 00:10
62,User62,user6221@mail.com,9979472910,11-03-2024 02:26
63,User63,user63143@mail.com,9658679012,27-07-2023 15:20
64,User64,user64587@mail.com,9571420226,04-02-2025 04:15
65,User65,user6570@mail.com,9279418596,13-06-2024 18:16
66,User66,user66705@mail.com,9919629858,26-05-2023 21:26
67,User67,user6727@mail.com,9249395771,10-07-2025 15:59
68,User68,user68782@mail.com,9117598547,28-01-2024 08:48
69,User69,user69314@mail.com,9885423728,08-12-2024 07:27
70,User70,user70262@mail.com,9824798855,07-08-2024 06:06
71,User71,user71700@mail.com,9943564497,05-04-2025 04:33
72,User72,user72414@mail.com,9070922707,12-12-2023 15:26
73,User73,user7360@mail.com,9224828031,09-04-2025 02:08
74,User74,user74797@mail.com,9016044715,17-11-2023 02:40
75,User75,user75626@mail.com,9175351826,29-09-2023 13:17
76,User76,user7669@mail.com,9469648375,17-09-2023 01:26
77,User77,user77660@mail.com,9793655174,09-10-2024 23:10
78,User78,user7855@mail.com,9400987442,11-03-2024 23:20
79,User79,user7928@mail.com,9209299757,12-12-2023 10:27
80,User80,user80528@mail.com,9502377161,16-03-2023 07:02
